Customer ID,Recency,Frequency,Monetary,R_score,F_score,M_score,RFM_score,Segment,Cluster,PC1,PC2
AA-10315,185,5,5563.56,2,2,5,225,Need Attention,0,0.17126244744416674,0.609025419208136
AA-10375,20,9,1056.39,5,5,2,552,Loyal,0,0.6735041312543089,-0.7040732125268504
AA-10480,260,4,1790.5120000000002,1,1,3,113,At Risk,1,-0.9161318292348092,0.3290904210684081
AA-10645,56,6,5086.9349999999995,3,3,5,335,Need Attention,0,0.709042065722991,0.043782110468036615
AB-10015,416,3,886.156,1,1,1,111,At Risk,1,-1.9713945762770466,0.6271460296149741
AB-10060,55,8,7755.62,3,4,5,345,Need Attention,0,1.4545954141221416,0.3711029192386874
AB-10105,42,10,14473.570999999998,4,5,5,455,Need Attention,0,2.345494092352091,0.7434790510367802
AB-10150,42,5,966.71,4,2,2,422,Need Attention,1,-0.4437103343816377,-0.8973935564805893
AB-10165,26,8,1113.838,5,4,2,542,Loyal,0,0.43526333862468974,-0.7132583852024306
AB-10255,167,9,914.5319999999999,2,5,1,251,Need Attention,0,0.20950127552156061,-0.10986107448960176
AB-10600,51,4,1515.862,4,1,2,412,Need Attention,1,-0.4659450529839116,-0.6981504641241295
AC-10420,233,3,925.8,1,1,1,111,At Risk,1,-1.4702985472361383,-0.17922417658073356
AC-10450,12,7,5527.846,5,3,5,535,Loyal,0,1.122976652252043,-0.05210420395189372
AC-10615,7,5,2537.6859999999997,5,2,3,523,Loyal,0,0.19174851365118886,-0.5818175088905604
AC-10660,283,5,657.316,1,2,1,121,At Risk,1,-1.2885610425332004,0.0035390208338718985
AD-10180,30,8,6106.88,4,4,5,445,Need Attention,0,1.3848091930643514,0.14058807012016258
AF-10870,42,7,2052.908,4,3,3,433,Need Attention,0,0.48599303132764426,-0.4029593740457559
AF-10885,416,4,861.565,1,1,1,111,At Risk,1,-1.7347799769265693,0.6756573863891885
AG-10270,279,5,2582.898,1,2,3,123,At Risk,1,-0.5064137743336202,0.6573237903818676
AG-10300,119,4,367.548,2,1,1,211,Need Attention,1,-1.4414953872574618,-1.0857331159108927
AG-10330,9,5,660.972,5,2,1,521,Loyal,1,-0.5721032903495806,-1.2332546998691807
AG-10390,115,5,200.945,2,2,1,221,Need Attention,1,-1.5181269448527328,-1.33709864573137
AG-10495,79,8,2356.855,3,4,3,343,Need Attention,0,0.7200377872484885,-0.10544322783476445
AG-10525,846,4,1455.038,1,1,2,112,At Risk,1,-2.5587469055009064,2.8781435423587465
AG-10675,98,7,3489.0396000000005,3,3,4,334,Need Attention,0,0.6394260752700739,0.11087948374887097
AG-10765,78,4,170.584,3,1,1,311,Need Attention,1,-1.7662332432799464,-1.6468569266920434
AG-10900,97,10,4510.797,3,5,5,355,Need Attention,0,1.544395305995357,0.41950159066136855
AH-10030,13,7,1744.7,5,3,3,533,Loyal,0,0.46972775566648656,-0.6140396055913404
AH-10075,35,10,3250.337,4,5,4,454,Need Attention,0,1.5208945660509043,-0.021958729227451238
AH-10120,61,7,1735.5140000000001,3,3,2,332,Need Attention,0,0.3417867619455568,-0.39949072476678976
AH-10195,56,4,1587.452,3,1,2,312,Need Attention,1,-0.4529343840980607,-0.6528715932698499
AH-10210,7,9,4805.344,5,5,5,555,Champion,0,1.561914457973759,-0.01888759550704943
AH-10465,231,5,2495.3916,1,2,3,123,At Risk,1,-0.4008954075086487,0.42325352207242134
AH-10585,22,4,738.504,5,1,1,511,Loyal,1,-0.7959172308469196,-1.182347401530457
AH-10690,411,12,7888.294,1,5,5,155,At Risk,0,1.5472760416744542,2.239196606282017
AI-10855,14,10,4375.786,5,5,5,555,Champion,0,1.7433308939468661,0.029099922126891668
AJ-10780,76,7,4867.344,3,3,5,335,Need Attention,0,0.8845538981614824,0.17490327447029724
AJ-10795,167,7,4501.391,2,3,5,235,Need Attention,0,0.6035397243390401,0.5481690377918051
AJ-10945,86,7,1839.24,3,3,3,333,Need Attention,0,0.3094457395021861,-0.25788898571342966
AJ-10960,75,3,629.2479999999999,3,1,1,311,Need Attention,1,-1.2766048057491783,-1.083464029623772
AM-10360,29,5,814.012,4,2,1,421,Need Attention,1,-0.5067891063927332,-1.0405848941396045
AM-10705,163,8,5664.022,2,4,5,245,Need Attention,0,0.996075509020715,0.7052657959246573
AO-10810,502,1,161.28,1,1,1,111,At Risk,1,-3.6589798736433505,0.05685961709495773
AP-10720,42,8,1638.554,4,4,2,442,Need Attention,0,0.6113038397212156,-0.45135033125506746
AP-10915,99,10,3323.556,3,5,4,354,Need Attention,0,1.366845804066848,0.2785056818369851
AR-10345,112,4,1055.694,2,1,2,212,Need Attention,1,-0.8287798016784883,-0.5998284300537028
AR-10405,126,5,2236.128,2,2,3,223,Need Attention,0,-0.18942586862601973,-0.10562315849988463
AR-10510,15,5,264.86400000000003,5,2,1,521,Loyal,1,-1.10258463263543,-1.6543556697809072
AR-10540,7,6,6608.448,5,3,5,535,Loyal,0,0.984269802004212,-0.04932762757423484
AR-10570,535,1,88.15,1,1,1,111,At Risk,1,-4.082965158459101,-0.08818585793354752
AR-10825,59,8,4523.336,3,4,5,345,Need Attention,0,1.1399311804634995,0.124314060661923
AS-10045,89,7,3050.692,3,3,4,334,Need Attention,0,0.5871056168016708,0.00421576375451355
AS-10090,29,9,3255.31,4,5,4,454,Need Attention,0,1.2848976952341744,-0.11067425068442333
AS-10135,42,2,58.82,4,1,1,411,Need Attention,1,-2.7721899875865366,-2.452129941590536
AS-10225,23,5,4260.784,5,2,4,524,Loyal,0,0.44247292459863385,-0.25488881530754354
AS-10240,193,7,584.6080000000001,2,3,1,231,Need Attention,1,-0.6153485681731561,-0.336460099278055
AS-10285,20,6,3214.236,5,3,4,534,Loyal,0,0.5437243448683947,-0.3445971254621449
AS-10630,93,7,833.398,3,3,1,331,Need Attention,0,-0.15517949571972703,-0.6148645712690287
AT-10435,22,6,1171.814,5,3,2,532,Loyal,0,-0.030669835316240686,-0.8310904093935035
AT-10735,14,10,3831.864,5,5,4,554,Loyal,0,1.6684346121645959,-0.03610561086590764
AW-10840,21,4,649.376,5,1,1,511,Loyal,1,-0.8657982754651992,-1.2499769411296533
AW-10930,47,7,2852.968,4,3,4,434,Need Attention,0,0.6586421195501644,-0.21869752604934983
AY-10555,15,4,497.014,5,1,1,511,Loyal,1,-1.0008270352370623,-1.4082764418970746
AZ-10750,161,6,1622.0179999999998,2,3,2,232,Need Attention,0,-0.20918187586329925,-0.04264942489046578
BB-10990,106,5,744.3399999999999,2,2,1,221,Need Attention,1,-0.7576865095003046,-0.7361637237616765
BB-11545,29,9,6765.728,4,5,5,455,Need Attention,0,1.697707712386742,0.24872272540914614
BC-11125,203,9,2933.676,2,5,4,254,Need Attention,0,0.773210306969586,0.6253620518016882
BD-11320,34,12,5718.521,4,5,5,455,Need Attention,0,2.3472374648326384,0.37569835749434377
BD-11500,36,6,4411.2429999999995,4,3,5,435,Need Attention,0,0.6806903759800329,-0.11670773814475717
BD-11560,279,2,320.54,1,1,1,111,At Risk,1,-2.4400102498039926,-0.5536229237144582
BD-11605,98,7,3288.471,3,3,4,334,Need Attention,0,0.606021730582572,0.08179729104462162
BD-11620,70,6,1538.11,3,3,2,332,Need Attention,0,-0.002232034865057919,-0.48039641722141346
BD-11635,10,3,582.646,5,1,1,511,Loyal,1,-1.1507396718503182,-1.4152557473225351
BD-11725,94,6,1526.5,3,3,2,332,Need Attention,0,-0.06898720847715102,-0.3755463472515913
BD-11770,328,6,658.466,1,3,1,131,At Risk,1,-1.1522491721277355,0.2702904550653248
BE-11335,120,5,4204.676,2,2,4,224,Need Attention,0,0.1824631787051328,0.1774056017508244
BE-11410,99,5,2261.438,3,2,3,323,Need Attention,0,-0.11278455280928226,-0.2222372264937899
BE-11455,255,6,1727.652,1,3,2,132,At Risk,1,-0.4183140863712472,0.4135685553534504
BF-10975,92,7,599.798,3,3,1,331,Need Attention,1,-0.3379519502355027,-0.7807786234969596
BF-11005,40,4,1333.88,4,1,2,412,Need Attention,1,-0.5094383728484424,-0.8107098347492221
BF-11020,75,8,2888.506,3,4,4,344,Need Attention,0,0.8452112516152938,-0.023627133123758796
BF-11080,26,3,272.95,5,1,1,511,Loyal,1,-1.6192721837966315,-1.7145201023128667
BF-11170,17,11,5907.972,5,5,5,555,Champion,0,2.157407186712165,0.252482378985715
BF-11215,66,4,1585.162,3,1,2,312,Need Attention,1,-0.47978264695842615,-0.6083427118237033
BF-11275,58,3,791.9899999999999,3,1,1,311,Need Attention,1,-1.102707479630368,-1.0475026605125237
BG-11035,29,8,2798.948,4,4,4,444,Need Attention,0,0.9471979757579695,-0.24719143336332944
BG-11695,37,6,1874.172,4,3,3,433,Need Attention,0,0.19514560909305426,-0.5326380658089834
BG-11740,58,6,1006.356,3,3,2,332,Need Attention,0,-0.21022343506844832,-0.7429599673816949
BH-11710,24,8,6255.351,5,4,5,545,Loyal,0,1.413984836022795,0.12524674224201993
BK-11260,78,6,659.1379999999999,3,3,1,331,Need Attention,1,-0.5008239516363506,-0.8601534445204904
BM-11140,308,4,11789.63,1,1,5,115,At Risk,0,0.022359668505916776,1.472087248197516
BM-11575,101,6,808.162,3,3,1,331,Need Attention,1,-0.44581985966719606,-0.6560887361465755
BM-11650,34,11,7294.185,4,5,5,455,Need Attention,0,2.232091043772771,0.4329385429679658
BM-11785,219,10,1338.842,2,5,2,252,Need Attention,0,0.5415260531046373,0.374812479466314
BN-11470,25,4,265.296,5,1,1,511,Loyal,1,-1.3801821893122885,-1.670643966765466
BN-11515,10,5,1459.344,5,2,2,522,Loyal,0,-0.12815667755094237,-0.8399595308551396
BO-11350,138,5,2682.728,2,2,3,223,Need Attention,0,-0.11793927788970057,0.03809779165981895
BO-11425,76,2,130.83,3,1,1,311,Need Attention,1,-2.4147374503211196,-1.910056660399085
BP-11050,84,5,983.42,3,2,2,322,Need Attention,1,-0.5433906911244862,-0.6989826178816674
BP-11095,18,12,2442.044,5,5,3,553,Loyal,0,1.9087964935549986,-0.11465845396892377
BP-11155,90,6,1697.8609999999999,3,3,2,332,Need Attention,0,0.0014358290049385188,-0.34139658098369247
BP-11185,2,9,3675.861,5,5,4,554,Loyal,0,1.423743388921991,-0.17313249789458743
BP-11230,40,5,1181.49,4,2,2,422,Need Attention,0,-0.32537366142496726,-0.8079489928130247
BP-11290,13,7,2475.157,5,3,3,533,Loyal,0,0.6670125323630652,-0.4422812924982724
BS-11365,559,5,10501.653,1,2,5,125,At Risk,1,-0.4439016849495262,2.613039254442733
BS-11380,29,5,3887.834,4,2,4,424,Need Attention,0,0.37516626200127484,-0.2727447757319423
BS-11590,36,6,2454.928,4,3,3,433,Need Attention,0,0.35002466860795417,-0.40458896774060993
BS-11665,583,3,3288.1099999999997,1,1,4,114,At Risk,1,-1.6666094695106528,2.0264800415586666
BS-11755,2,7,2562.382,5,3,3,533,Loyal,0,0.7151890762062117,-0.4750318638052209
BS-11800,266,2,949.4300000000001,1,1,1,111,At Risk,1,-1.794481107971735,-0.07989235810204376
BT-11305,337,5,2567.656,1,2,3,123,At Risk,1,-0.6607501875049772,0.9167958031441066
BT-11395,303,6,2186.6130000000003,1,3,3,133,At Risk,1,-0.41038026377685927,0.7464115571584677
BT-11440,561,4,603.876,1,1,1,111,At Risk,1,-2.3125689561673233,1.1572254088821419
BT-11485,660,2,415.19599999999997,1,1,1,111,At Risk,1,-3.2862734713016852,1.2967257769377893
BT-11530,92,5,2684.4919999999997,3,2,3,323,Need Attention,0,0.0021880450939387886,-0.1696731021771176
BT-11680,21,7,3196.752,5,3,4,534,Loyal,0,0.7905233525156683,-0.28042878228617635
BV-11245,335,5,1523.2730000000001,1,2,2,122,At Risk,1,-0.9500804605133464,0.6513210054944607
BW-11065,213,3,385.516,2,1,1,211,Need Attention,1,-1.911828602645431,-0.6994316895855773
BW-11110,122,8,4750.358,2,4,5,245,Need Attention,0,1.0035493621490104,0.433369181022186
BW-11200,204,6,1738.406,2,3,2,232,Need Attention,0,-0.28204037537668064,0.18590324754332144
CA-11965,97,6,3789.7228,3,3,4,334,Need Attention,0,0.4361930886201651,0.08464020129405991
CA-12055,402,5,1679.7240000000002,1,2,2,122,At Risk,1,-1.0693631763331861,1.0024241046557216
CA-12265,57,9,2648.2872,3,5,3,353,Need Attention,0,1.0955659034826037,-0.08537943231932967
CA-12310,14,4,1421.954,5,1,2,512,Loyal,1,-0.4056888364779934,-0.8969328578244192
CA-12775,121,7,3041.566,2,3,4,234,Need Attention,0,0.5021064362303402,0.14750502038853588
CB-12025,48,10,6076.139,4,5,5,455,Need Attention,0,1.840059946141763,0.34418444762569533
CB-12415,27,8,1949.2,5,4,3,543,Loyal,0,0.748281379945543,-0.43395108159422324
CB-12535,198,8,4246.4555,2,4,4,244,Need Attention,0,0.7424165335733054,0.7220889488835717
CC-12100,458,6,1770.945,1,3,3,133,At Risk,1,-0.932843837640978,1.3440497673929022
CC-12145,107,7,2471.65,2,3,3,233,Need Attention,0,0.4214928637931499,-0.017742636524167733
CC-12220,21,12,3913.418,5,5,4,554,Loyal,0,2.16705347888507,0.13055392270880184
CC-12370,44,5,12129.072000000002,4,2,5,425,Need Attention,0,0.9781564474013794,0.3540800775750667
CC-12430,1,10,2870.05,5,5,4,554,Loyal,0,1.5392062337912105,-0.23688752895795656
CC-12475,40,9,1659.438,4,5,2,452,Need Attention,0,0.8761341342107659,-0.39185473290927514
CC-12550,28,3,113.832,4,1,1,411,Need Attention,1,-2.115204815292128,-2.132703892368564
CC-12610,35,7,2540.631,4,3,3,433,Need Attention,0,0.6244673610578171,-0.3299343815315785
CC-12670,30,7,2269.7015,4,3,3,433,Need Attention,0,0.5738675793745195,-0.4079387505862799
CC-12685,800,4,2854.1150000000002,1,1,4,114,At Risk,1,-2.058932104219334,3.0009327751924704
CD-11920,41,5,2033.968,4,2,3,423,Need Attention,0,-0.02159197866342576,-0.5366829653328278
CD-11980,55,3,639.766,3,1,1,311,Need Attention,1,-1.2151955381455948,-1.1658069939527762
CD-12280,43,2,1205.584,4,1,2,412,Need Attention,1,-1.0792392056047975,-0.971437900211438
CD-12790,400,5,1860.732,1,2,3,123,At Risk,1,-1.0064287998750545,1.0436348149697343
CG-12040,50,6,904.4680000000001,4,3,1,431,Need Attention,0,-0.24957881170323185,-0.8315458157750215
CG-12520,339,3,1148.7800000000002,1,1,2,112,At Risk,1,-1.6245826986965248,0.4062290637303259
CH-12070,692,3,1537.236,1,1,2,112,At Risk,1,-2.379308022184658,2.1461424982790103
CJ-11875,366,1,16.52,1,1,1,111,At Risk,1,-4.561244848310306,-1.6521468320760977
CJ-12010,190,8,11164.974,2,4,5,245,Need Attention,0,1.3087583642896985,1.160829802133436
CK-12205,40,13,3154.855,4,5,4,454,Need Attention,0,2.2484944086117635,0.1729855885602068
CK-12325,121,5,2945.321,2,2,4,224,Need Attention,0,-0.020995139597547126,0.007062862579399607
CK-12595,44,11,2372.75,4,5,3,453,Need Attention,0,1.5723884369200192,-0.0735025813706143
CK-12760,83,9,1582.109,3,5,2,352,Need Attention,0,0.7372715203246109,-0.22076597396996572
CL-11890,107,4,1262.0140000000001,2,1,2,212,Need Attention,1,-0.7151000526624449,-0.5348092189766434
CL-12565,285,12,10880.546,1,5,5,155,At Risk,0,2.0567917951353074,1.8272053823916485
CL-12700,106,5,2353.586,2,2,3,223,Need Attention,0,-0.10847671046928925,-0.1709544775533213
CM-11815,132,6,1673.888,2,3,2,232,Need Attention,0,-0.11592803734046021,-0.15838110183053614
CM-11935,709,2,565.392,1,1,1,111,At Risk,1,-3.2399336723319228,1.6697957750925299
CM-12115,9,4,1661.6100000000001,5,1,2,512,Loyal,0,-0.3048219920210772,-0.8430687034615573
CM-12160,27,6,2533.314,5,3,3,533,Loyal,0,0.39118754819453855,-0.4298650575513756
CM-12190,9,6,1475.144,5,3,2,532,Loyal,0,0.13300017628566316,-0.7768717429893452
CM-12235,386,5,2305.712,1,2,3,123,At Risk,1,-0.8490227886316709,1.0856096455729598
CM-12385,38,4,8954.019999999999,4,1,5,415,Need Attention,0,0.5700187300562768,0.11549682729886057
CM-12445,437,3,287.99,1,1,1,111,At Risk,1,-2.6591054133244727,0.17101423397049367
CM-12655,28,6,6339.5576,4,3,5,435,Need Attention,0,0.9061571943382801,0.025263551438975806
CM-12715,1036,4,3984.4524,1,1,4,114,At Risk,1,-2.485087967073334,4.232434086879481
CP-12085,83,8,5402.254,3,4,5,345,Need Attention,0,1.1776465337763236,0.32011732921616937
CP-12340,161,8,5888.275,2,4,5,245,Need Attention,0,1.0231932456620922,0.7152941426595016
CR-12580,58,4,2148.852,3,1,3,313,Need Attention,0,-0.2873338322261933,-0.495117262134283
CR-12625,471,3,475.9,1,1,1,111,At Risk,1,-2.4649083002860066,0.5709555334751869
CR-12730,79,4,1600.55,3,1,2,312,Need Attention,1,-0.5081778514687478,-0.5447896319274625
CR-12820,86,3,1397.8724,3,1,2,312,Need Attention,1,-0.8552469702544535,-0.6419316238303918
CS-11845,92,5,1278.954,3,2,2,322,Need Attention,1,-0.4160496280579146,-0.5337954557382075
CS-11860,163,6,537.632,2,3,1,231,Need Attention,1,-0.8369198254990101,-0.5755843857132635
CS-11950,26,11,3036.547,5,5,4,554,Loyal,0,1.7584172922680439,-0.03376969612413577
CS-12130,490,4,884.64,1,1,1,111,At Risk,1,-1.9125316964049293,1.023389016610786
CS-12175,233,5,844.4580000000001,1,2,1,121,At Risk,1,-1.0171835446753277,-0.09971310511692281
CS-12250,27,12,2754.216,5,5,4,554,Loyal,0,1.953234722933405,-0.014857089978816377
CS-12355,7,11,3202.1620000000003,5,5,4,554,Loyal,0,1.837844510282036,-0.09363570546837155
CS-12400,3,9,3651.8585000000003,5,5,4,554,Loyal,0,1.4174435591002008,-0.17182687189317136
CS-12460,28,2,550.644,4,1,1,411,Need Attention,1,-1.4819078674475785,-1.423860614952244
CS-12490,425,4,1077.2285,1,1,2,112,At Risk,1,-1.6322582887477963,0.8260268533480573
CS-12505,59,6,5690.054999999999,3,3,5,335,Need Attention,0,0.7644571914189163,0.11239811605827107
CT-11995,97,8,3241.898,3,4,4,344,Need Attention,0,0.8530571077849116,0.1325907648447389
CV-12295,255,5,2830.6279999999997,1,2,4,124,At Risk,1,-0.3922604348110422,0.593739088966108
CV-12805,6,9,2370.3136,5,5,3,553,Loyal,0,1.1657783628570046,-0.370558397944766
CW-11905,23,6,1136.592,5,3,2,532,Loyal,0,-0.050482844239380376,-0.8415495068838647
CY-12745,61,8,2900.026,3,4,4,344,Need Attention,0,0.8839045449520605,-0.08500491041938338
Co-12640,550,5,1300.076,1,2,2,122,At Risk,1,-1.599169860700711,1.5461370278468376
DA-13450,353,4,156.76,1,1,1,111,At Risk,1,-2.5295765873055958,-0.4440919942131295
DB-12910,22,8,2171.599,5,4,3,543,Loyal,0,0.8222484368462063,-0.4035061804073414
DB-12970,242,5,2839.2272,1,2,4,124,At Risk,1,-0.35670484066314356,0.5364199236467168
DB-13060,17,7,4531.646,5,3,5,535,Loyal,0,0.997829861542424,-0.12710674861624557
DB-13120,49,7,2973.094,4,3,4,434,Need Attention,0,0.6767047584973511,-0.18939133706409692
DB-13210,10,10,2332.577,5,5,3,553,Loyal,0,1.3987907623120355,-0.2980218456622605
DB-13270,54,8,4655.897,4,4,5,445,Need Attention,0,1.1692470227674634,0.11588511955289946
DB-13360,265,5,1081.466,1,2,2,122,At Risk,1,-0.9610204136550113,0.16647362448628394
DB-13405,188,4,1711.692,2,1,2,212,Need Attention,1,-0.7540809625359587,-0.01872989026492378
DB-13555,108,7,3908.8028,2,3,4,234,Need Attention,0,0.6774923469154579,0.21192367838148424
DB-13615,34,7,1989.05,4,3,3,433,Need Attention,0,0.4889941421049733,-0.45466919506246856
DB-13660,13,7,1155.202,5,3,2,532,Loyal,0,0.237189307865333,-0.8164901554633885
DC-12850,38,9,3336.168,4,5,4,454,Need Attention,0,1.2753104505674924,-0.05790806316061387
DC-13285,24,5,1174.618,5,2,2,522,Loyal,0,-0.2870087544511326,-0.883193322245882
DD-13570,42,6,269.542,4,3,1,431,Need Attention,1,-0.9105522024383338,-1.461319196617147
DE-13255,720,5,2550.874,1,2,3,123,At Risk,1,-1.6615524809486408,2.646181730338645
DF-13135,701,3,2390.534,1,1,3,113,At Risk,1,-2.153672747080601,2.4036960184790743
DG-13300,33,5,3195.818,4,2,4,424,Need Attention,0,0.2541579141145005,-0.3509346738735771
DH-13075,278,6,4932.872,1,3,5,135,At Risk,0,0.11373297472387921,1.0329521597007838
DH-13675,777,4,1043.096,1,1,2,112,At Risk,1,-2.5668110233885812,2.40259022306057
DJ-13420,638,4,2012.52,1,1,3,113,At Risk,1,-1.8342827076743922,2.0964819478631336
DJ-13510,49,8,2501.6879999999996,4,4,3,443,Need Attention,0,0.8317850200404178,-0.21186467842753717
DJ-13630,13,3,3356.398,5,1,4,514,Loyal,0,-0.17107271578249958,-0.5419758547563229
DK-12835,22,12,3256.48,5,5,4,554,Loyal,0,2.060763878730892,0.044807346475335526
DK-12895,46,5,4282.176,4,2,4,424,Need Attention,0,0.38542056940361585,-0.14838169175286606
DK-12985,8,5,1687.04,5,2,2,522,Loyal,0,-0.041171549609069956,-0.7778099697456536
DK-13090,43,7,2650.557,4,3,3,433,Need Attention,0,0.6275371196829376,-0.27293919432983715
DK-13150,11,2,797.832,5,1,1,511,Loyal,1,-1.2286848068735134,-1.3188373822596096
DK-13225,11,9,4802.394,5,5,5,555,Champion,0,1.5511543366424256,-0.0010941657318609358
DK-13375,20,8,3318.486,5,4,4,544,Loyal,0,1.0666934158050896,-0.2042703278798284
DL-12865,101,8,1503.112,3,4,2,342,Need Attention,0,0.4090403014859671,-0.22681387708320072
DL-12925,58,6,3272.2,3,3,4,334,Need Attention,0,0.45487928578963555,-0.16391416728993705
DL-13315,23,8,1458.258,5,4,2,542,Loyal,0,0.5950188502932074,-0.5945444491737183
DL-13330,58,4,585.02,3,1,1,311,Need Attention,1,-1.0209320422063308,-1.1337959941890703
DL-13495,77,8,3539.322,3,4,4,344,Need Attention,0,0.9546507982970381,0.08523280446261834
DM-12955,115,7,1322.034,2,3,2,232,Need Attention,0,0.04771523495225236,-0.28883496143818266
DM-13015,58,7,6345.103,3,3,5,335,Need Attention,0,1.0810284186349808,0.22373027154399408
DM-13345,23,8,4074.4719999999998,5,4,4,544,Loyal,0,1.1746834546652223,-0.08988202020271228
DM-13525,482,3,1376.792,1,1,2,112,At Risk,1,-1.8947638863566925,1.1420231834507286
DN-13690,218,7,2139.79,2,3,3,233,Need Attention,0,0.05117749450825127,0.41358306960704283
DO-13435,134,9,1300.0315,2,5,2,252,Need Attention,0,0.4937453846851859,-0.08647581573092752
DO-13645,27,7,1267.316,5,3,2,532,Loyal,0,0.2529759976966042,-0.707681501021716
DP-13000,127,9,1050.636,2,5,2,252,Need Attention,0,0.3918605182757097,-0.22271020326940247
DP-13105,7,8,2215.002,5,4,3,543,Loyal,0,0.8724634498597726,-0.46164334852256844
DP-13165,813,2,1058.616,1,1,2,112,At Risk,1,-3.1571655304311923,2.4480487139167826
DP-13390,359,9,5480.723999999999,1,5,5,155,At Risk,0,0.7197251524154554,1.6380883992256756
DR-12880,4,9,6528.034000000001,5,5,5,555,Champion,0,1.7426108138388845,0.11805767156595283
DR-12940,51,8,8350.868,4,4,5,445,Need Attention,0,1.506739421868216,0.3893387596324949
DS-13030,94,4,1762.213,3,1,3,313,Need Attention,1,-0.4929535704419184,-0.42968028915901224
DS-13180,24,9,2881.8128,5,5,4,554,Loyal,0,1.2291557392471106,-0.19315545367854095
DV-13045,20,5,1119.483,5,2,2,522,Loyal,0,-0.3037052711485513,-0.9248908053899646
DV-13465,30,6,3341.587,4,3,4,434,Need Attention,0,0.5396137780649242,-0.28027255382768945
DW-13195,70,6,1080.751,3,3,2,332,Need Attention,0,-0.20125015416761488,-0.6536637975978282
DW-13480,218,5,5271.628,2,2,5,225,Need Attention,0,0.05493561841924687,0.731830805560197
DW-13540,99,5,344.08,3,2,1,321,Need Attention,1,-1.1740815418878714,-1.1462141475070369
DW-13585,243,7,1204.854,1,3,2,132,At Risk,1,-0.3378617205692495,0.24463940887818597
Dl-13600,120,5,755.602,2,2,1,221,Need Attention,1,-0.7856700058088488,-0.665461878476935
Dp-13240,85,11,7198.7609999999995,3,5,5,355,Need Attention,0,2.0918863644828494,0.6571815062133598
EA-14035,153,13,2846.705,2,5,4,254,Need Attention,0,1.896320880169247,0.6336864377244195
EB-13705,49,9,3644.978,4,5,4,454,Need Attention,0,1.2966229973781322,0.035340480614945505
EB-13750,36,10,3236.314,4,5,4,454,Need Attention,0,1.5158516758425098,-0.01955879766799052
EB-13840,91,5,4358.128,3,2,5,325,Need Attention,0,0.27818797348441615,0.06382516671314552
EB-13870,101,10,2767.219,3,5,4,354,Need Attention,0,1.2582805966132127,0.19756826433321018
EB-13930,162,5,944.6000000000001,2,2,1,221,Need Attention,1,-0.7691632304736497,-0.3658971349925039
EB-13975,1,4,1643.255,5,1,2,512,Loyal,0,-0.29026025424300667,-0.884713714485356
EB-14110,114,6,3071.126,2,3,4,234,Need Attention,0,0.2733072589024348,0.05826556298966276
EB-14170,83,6,1186.326,3,3,2,332,Need Attention,0,-0.18253657839935125,-0.5490972914859086
EC-14050,54,5,461.914,4,2,1,421,Need Attention,1,-0.8911295552421319,-1.2054377569139962
ED-13885,136,8,3484.92,2,4,4,244,Need Attention,0,0.7923100931346198,0.3445265195712046
EG-13900,23,5,1832.02,5,2,3,523,Loyal,0,-0.033718404262670205,-0.6694662638278398
EH-13765,136,12,10310.880000000001,2,5,5,255,Need Attention,0,2.4143502601145825,1.1267409227143956
EH-13945,218,8,684.1709999999999,2,4,1,241,Need Attention,1,-0.33933397817218197,-0.08388848234754935
EH-13990,406,6,825.9499999999999,1,3,1,131,At Risk,1,-1.227584563500042,0.7343481862733584
EH-14005,3,7,1219.53,5,3,2,532,Loyal,0,0.29378220986345627,-0.8351230244172954
EH-14125,153,10,3082.653,2,5,4,254,Need Attention,0,1.18380780233396,0.4858284628384078
EH-14185,106,6,923.884,2,3,1,231,Need Attention,1,-0.3833949196859566,-0.5677892532198254
EJ-13720,303,4,2162.174,1,1,3,113,At Risk,1,-0.9216806320199022,0.6162436614651126
EJ-14155,58,5,2656.691,3,2,3,323,Need Attention,0,0.08483048367100571,-0.3285948198412122
EK-13795,45,4,1303.478,4,1,2,412,Need Attention,1,-0.5354581143659987,-0.79941127176497
EL-13735,78,2,124.28,3,1,1,311,Need Attention,1,-2.448706838472156,-1.9260501308748783
EM-13810,133,5,2567.0099999999998,2,2,3,223,Need Attention,0,-0.12979822551585696,-0.006178377901279765
EM-13825,56,8,2339.598,3,4,3,343,Need Attention,0,0.7757700742952147,-0.213099617349619
EM-13960,152,5,933.704,2,2,1,221,Need Attention,1,-0.7496703855600856,-0.4168297248230034
EM-14065,48,4,228.99,4,1,1,411,Need Attention,1,-1.5227849969952894,-1.6386180152998229
EM-14095,114,4,1041.0420000000001,2,1,2,212,Need Attention,1,-0.8418671771375685,-0.5976417888451842
EM-14140,49,6,4588.436000000001,4,3,5,435,Need Attention,0,0.6690685445696897,-0.03855157372890411
EM-14200,159,3,366.822,2,1,1,211,Need Attention,1,-1.7992242140055488,-0.9680747547593082
EN-13780,288,4,2199.366,1,1,3,113,At Risk,1,-0.8730083319679057,0.5567633903477031
EP-13915,13,17,5478.0608,5,5,5,555,Champion,0,3.6400668193808565,0.5712133619219908
ER-13855,422,3,1245.788,1,1,2,112,At Risk,1,-1.7949491834603208,0.8215033101305051
ES-14020,41,5,3510.4579999999996,4,2,4,424,Need Attention,0,0.2863133165954897,-0.2686172027756325
ES-14080,29,9,4657.924,4,5,5,455,Need Attention,0,1.4870575447867342,0.06532835486734231
FA-14230,98,7,2984.054,3,3,4,334,Need Attention,0,0.5512141346010447,0.034081190552227233
FC-14245,71,7,3418.742,3,3,4,334,Need Attention,0,0.6982336643510062,-0.021260824391863425
FC-14335,185,7,3889.366,2,3,4,234,Need Attention,0,0.47421766194662746,0.5578057149720999
FG-14260,35,7,1383.144,4,3,2,432,Need Attention,0,0.2814721390221852,-0.6285498232411472
FH-14275,38,10,4256.272,4,5,4,454,Need Attention,0,1.6652234236735646,0.12406655680631608
FH-14350,213,4,2271.284,2,1,3,213,Need Attention,1,-0.6596013292476057,0.23328331721784656
FH-14365,6,8,6987.196,5,4,5,545,Loyal,0,1.5232822260518257,0.0981763633693458
FM-14215,8,10,2456.638,5,5,3,553,Loyal,0,1.4332322432182782,-0.2816173660015948
FM-14290,37,9,3736.198,4,5,4,454,Need Attention,0,1.341810808233954,-0.006802442419886669
FM-14380,146,9,2523.266,2,5,3,253,Need Attention,0,0.8365802397882155,0.2934839407307846
FO-14305,39,10,2678.438,4,5,3,453,Need Attention,0,1.401293929613928,-0.09892305817927008
FP-14320,24,8,4046.746,5,4,4,544,Loyal,0,1.1682272891407035,-0.08871250179675545
FW-14395,363,3,79.75,1,1,1,111,At Risk,1,-3.186074014970382,-0.7902547182152302
GA-14515,150,8,3919.7760000000003,2,4,4,244,Need Attention,0,0.8222111536389786,0.46562330154999715
GA-14725,6,11,1398.382,5,5,2,552,Loyal,0,1.3730697125485123,-0.5050641231248479
GB-14530,63,11,1568.44,3,5,2,352,Need Attention,0,1.2894050145725406,-0.19085485952617542
GB-14575,14,5,4716.288,5,2,5,525,Loyal,0,0.523215505466192,-0.24570637852249874
GD-14590,6,4,1888.07,5,1,3,513,Loyal,0,-0.22494106730591013,-0.7938944680819879
GG-14650,44,9,2224.0,4,5,3,453,Need Attention,0,1.030904523579975,-0.22994860594870756
GH-14410,76,9,2819.4669999999996,3,5,4,354,Need Attention,0,1.0814389634524055,0.03133772275854111
GH-14425,51,4,4172.8460000000005,4,1,4,414,Need Attention,0,0.10533024743974916,-0.2007918561489545
GH-14485,388,2,1361.2440000000001,1,1,2,112,At Risk,1,-1.9089292392386037,0.6488878055322067
GH-14665,3,2,146.94080000000002,5,1,1,511,Loyal,1,-2.159615199707372,-2.1836383210539467
GK-14620,113,9,6497.27,2,5,5,255,Need Attention,0,1.4561744074462204,0.6088286770889041
GM-14440,84,7,3582.8199999999997,3,3,4,334,Need Attention,0,0.6908392477360209,0.0605757741971344
GM-14455,17,6,3078.624,5,3,4,534,Loyal,0,0.5272130218769067,-0.3793430492482644
GM-14500,107,10,1255.682,2,5,2,252,Need Attention,0,0.7969425427423816,-0.16333579237149243
GM-14680,153,6,3163.628,2,3,4,234,Need Attention,0,0.18851770104237106,0.24926961313494456
GM-14695,118,3,6049.966,2,1,5,215,Need Attention,0,-0.11197325505579339,0.22246119558365365
GP-14740,766,2,236.53,1,1,1,111,At Risk,1,-3.8787808277139724,1.5006570382036122
GR-14560,1136,2,1284.38,1,1,2,112,At Risk,1,-3.8890529656116684,4.004135237185196
GT-14635,57,3,9351.212,3,1,5,315,Need Attention,0,0.29256810547938766,0.16044940001473537
GT-14710,37,11,11820.119999999999,4,5,5,455,Need Attention,0,2.496698220056641,0.6836794662690369
GT-14755,35,4,226.436,4,1,1,411,Need Attention,1,-1.4952433245807026,-1.70291418969828
GW-14605,29,7,2189.019,4,3,3,433,Need Attention,0,0.5560520356310713,-0.4302394880835256
GZ-14470,8,9,4355.150000000001,5,5,5,555,Champion,0,1.5038040941093325,-0.06268879465768516
GZ-14545,158,4,2454.6220000000003,2,1,3,213,Need Attention,1,-0.47262039652843624,0.022602967967377527
HA-14905,70,7,2163.3,3,3,3,333,Need Attention,0,0.4426452635398838,-0.2505692464813848
HA-14920,21,8,2584.158,5,4,3,543,Loyal,0,0.9229786036083532,-0.3225997085000042
HD-14785,770,3,251.36,1,1,1,111,At Risk,1,-3.6025333924675316,1.6108344918186726
HE-14800,13,4,883.5319999999999,5,1,1,511,Loyal,1,-0.6714156846592664,-1.1350679245584896
HF-14995,22,7,2533.1639999999998,5,4,3,543,Loyal,0,0.6566510237146447,-0.39018918777810785
HG-14845,55,5,785.628,3,2,1,321,Need Attention,1,-0.5944838008184333,-0.9403843477319965
HG-14965,24,12,3247.642,5,5,4,554,Loyal,0,2.0540237172206863,0.05251994249371868
HG-15025,7,7,3690.284,5,4,4,544,Loyal,0,0.9079762129544257,-0.27323760757298216
HH-15010,73,2,218.668,3,1,1,311,Need Attention,1,-2.1187458711155696,-1.6727340940725453
HJ-14875,127,5,358.1,2,2,1,221,Need Attention,1,-1.2245000457161774,-0.9999798811043116
HK-14890,152,8,4877.784,2,4,5,245,Need Attention,0,0.9403842781986397,0.5820867888308597
HL-15040,44,6,12873.297999999999,4,3,5,435,Need Attention,0,1.2642432495199136,0.4456624823780316
HM-14860,3,10,8236.7648,5,5,5,555,Champion,0,2.1288985524842334,0.29008579456793254
HM-14980,248,4,736.276,1,1,1,111,At Risk,1,-1.3859889733489248,-0.16145634799042266
HP-14815,31,7,1990.314,4,4,3,443,Need Attention,0,0.4971627128320866,-0.4679285298506813
HR-14770,14,5,1299.288,5,2,2,522,Loyal,0,-0.20408854704166654,-0.878905347323969
HR-14830,160,7,5248.787,2,4,5,245,Need Attention,0,0.7084423982072765,0.5919661746389657
HW-14935,118,8,9300.254,2,4,5,245,Need Attention,0,1.3930763249658422,0.7453343613053627
HZ-14950,36,5,886.52,4,2,1,421,Need Attention,1,-0.47691070812257363,-0.9670401358086592
IG-15085,72,4,744.574,3,1,1,311,Need Attention,1,-0.9214735659729356,-0.9521417551739095
IL-15100,143,7,5040.736,2,4,5,245,Need Attention,0,0.729877844759314,0.4951925416691261
IM-15055,410,3,2872.63,1,1,4,114,At Risk,1,-1.2924371752589205,1.1775119018145488
IM-15070,391,7,4930.474,1,4,5,145,At Risk,0,0.07175409317759163,1.6062239705179142
JA-15970,93,8,6491.026,3,4,5,345,Need Attention,0,1.2552199955585601,0.45555692143888243
JB-15400,8,10,1791.605,5,5,3,553,Loyal,0,1.2551488402303996,-0.4366587503356426
JB-15925,738,3,900.552,1,1,1,111,At Risk,1,-2.800604915520387,2.091711826314463
JB-16000,44,7,644.1188,4,4,1,441,Need Attention,0,-0.17281760066747862,-0.9629465565082272
JB-16045,8,5,2518.115,5,2,3,523,Loyal,0,0.1847772888726076,-0.5810964067795759
JC-15340,115,4,71.263,2,1,1,211,Need Attention,1,-2.3506239770295956,-1.9043918526706523
JC-15385,176,1,1058.108,2,1,2,212,Need Attention,1,-1.7515492475608923,-0.4961569586609235
JC-15775,159,9,2772.055,2,5,4,254,Need Attention,0,0.8557885499359783,0.3984811680766218
JC-16105,58,5,858.576,3,2,1,321,Need Attention,1,-0.5522414970239362,-0.8832367468831197
JD-15790,118,5,2152.352,2,2,3,223,Need Attention,0,-0.19013995750809967,-0.16056747351552073
JD-15895,395,11,7610.8640000000005,1,5,5,155,At Risk,0,1.316246132527192,2.0869021000523245
JD-16015,113,6,385.43,2,3,1,231,Need Attention,1,-0.8941744158581348,-0.9649472498849597
JD-16060,301,3,695.442,1,1,1,111,At Risk,1,-1.8086069995335106,-0.012016983387134382
JD-16150,42,8,8828.0305,4,4,5,445,Need Attention,0,1.5615277025246972,0.3759250950030766
JE-15475,194,6,1388.682,2,3,2,232,Need Attention,1,-0.3826949377018858,0.030368993380782406
JE-15610,49,7,7754.976,4,4,5,445,Need Attention,0,1.217689088689551,0.28159561651369003
JE-15715,47,10,8697.842999999999,4,5,5,455,Need Attention,0,2.0450862803424874,0.5158923188162293
JE-15745,52,13,6760.8150000000005,4,5,5,455,Need Attention,0,2.647339043279264,0.601708079865387
JE-16165,21,3,2697.248,5,1,3,513,Loyal,0,-0.31525568911311447,-0.61318052799268
JF-15190,66,7,2279.5860000000002,3,4,3,343,Need Attention,0,0.4825966273965578,-0.24294845698838113
JF-15295,226,5,955.124,1,2,1,121,At Risk,1,-0.9295342492730182,-0.07093695078085359
JF-15355,106,6,1911.844,2,3,3,233,Need Attention,0,0.026737101075164412,-0.2107237704647997
JF-15415,3,6,2371.448,5,3,3,533,Loyal,0,0.4164188788007144,-0.5708662454496061
JF-15490,122,11,1082.918,2,5,2,252,Need Attention,0,0.9269018127010593,-0.10582483244720692
JF-15565,55,8,4198.332,3,4,4,344,Need Attention,0,1.1082719077373813,0.06958983628749602
JG-15115,759,3,2358.676,1,1,3,113,At Risk,1,-2.312238931841954,2.659485545216637
JG-15160,2,11,6366.392,5,5,5,555,Champion,0,2.2386285779169217,0.2213397073664605
JG-15310,3,6,2240.58,5,3,3,533,Loyal,0,0.3843944536269409,-0.5987470649315986
JG-15805,224,6,1507.018,2,3,2,232,Need Attention,1,-0.4146740777722546,0.20623742956422916
JH-15430,6,4,309.281,5,1,1,511,Loyal,1,-1.2444388787866034,-1.681480561819525
JH-15820,175,6,528.91,2,3,1,231,Need Attention,1,-0.8773745919217482,-0.529320821738805
JH-15910,42,7,959.477,4,4,1,441,Need Attention,0,0.05701510006641927,-0.7764323153508104
JH-15985,30,6,7954.9980000000005,4,3,5,435,Need Attention,0,1.0290446824654873,0.14583141589088838
JH-16180,405,4,2256.3940000000002,1,1,3,113,At Risk,1,-1.1631650005217076,1.098618115722291
JJ-15445,484,5,709.178,1,2,1,121,At Risk,1,-1.7690465091161802,0.9500789091031859
JJ-15760,754,2,195.0,1,1,1,111,At Risk,1,-3.95600464233147,1.3519411973474813
JK-15205,62,5,4427.142,3,2,5,325,Need Attention,0,0.36255212990915603,-0.05964596598559937
JK-15325,288,3,383.812,1,1,1,111,At Risk,1,-2.1095774125980746,-0.36231942029293696
JK-15370,45,8,2709.632,4,4,3,443,Need Attention,0,0.8872464787765506,-0.19074062843457898
JK-15625,62,7,3760.028,3,4,4,344,Need Attention,0,0.7753534113854754,-0.015232466893660122
JK-15640,181,9,4760.434,2,5,5,255,Need Attention,0,1.1036241596131386,0.7636368052477388
JK-15730,85,10,4867.2,3,5,5,355,Need Attention,0,1.6185462108126176,0.40257425822643234
JK-16090,29,3,3747.668,4,1,4,414,Need Attention,0,-0.15051167071699098,-0.41542993840352505
JK-16120,118,10,2932.484,2,5,4,254,Need Attention,0,1.246750023988718,0.30296519031977714
JL-15130,9,6,1214.956,5,3,2,532,Loyal,0,0.02356286133358252,-0.8721490822769749
JL-15175,7,5,1571.523,5,2,2,522,Loyal,0,-0.07857613642515487,-0.8171651452466904
JL-15235,120,5,2203.7,2,2,3,223,Need Attention,0,-0.18204641807549568,-0.1399404930548825
JL-15505,50,6,3173.874,4,3,4,434,Need Attention,0,0.4584924258175318,-0.21509114885800468
JL-15835,22,11,9799.923,5,5,5,555,Champion,0,2.429975678156605,0.5237351668307536
JL-15850,615,6,2725.256,1,3,3,133,At Risk,1,-1.0984083611258084,2.265988901718756
JM-15250,38,6,3159.1220000000003,4,3,4,434,Need Attention,0,0.4871046904240268,-0.2716649261637627
JM-15265,38,5,1804.146,4,2,3,423,Need Attention,0,-0.08141785015051084,-0.6091390150930039
JM-15535,103,7,1733.443,3,4,2,342,Need Attention,0,0.23177038823602844,-0.21007843709281285
JM-15580,1,5,303.948,5,2,1,521,Loyal,1,-0.9887269169445952,-1.6502944679301315
JM-15655,9,5,864.947,5,2,1,521,Loyal,1,-0.4205070817315372,-1.1012733605102605
JM-15865,110,7,7625.076000000001,2,4,5,245,Need Attention,0,1.0493488734187528,0.5492467469597057
JM-16195,58,10,2833.9260000000004,3,5,4,354,Need Attention,0,1.3836660102800615,0.014746105515582801
JO-15145,58,9,3254.949,3,5,4,354,Need Attention,0,1.2093364765857915,0.02046081720510258
JO-15280,93,6,1934.272,3,3,3,333,Need Attention,0,0.06716030680591648,-0.2638051391925714
JO-15550,216,5,1090.838,2,2,2,222,Need Attention,1,-0.8285882496439533,-0.05095552137326493
JP-15460,38,7,1669.135,4,4,2,442,Need Attention,0,0.37966767201789536,-0.5226887209218003
JP-15520,9,7,3635.594,5,4,4,544,Loyal,0,0.8943448084148778,-0.27152460411137574
JP-16135,103,9,1707.71,3,5,2,352,Need Attention,0,0.7282938012028735,-0.09277552243545009
JR-15670,594,2,1156.658,1,1,2,112,At Risk,1,-2.537076084362121,1.5008236994430968
JR-15700,69,1,863.88,3,1,1,311,Need Attention,1,-1.5873265318685648,-1.079747902467942
JR-16210,34,5,2201.686,4,2,3,423,Need Attention,0,0.04133030692110027,-0.5294344197927994
JS-15595,120,4,1417.654,2,1,2,212,Need Attention,1,-0.6833575147768735,-0.41889955404581475
JS-15685,43,4,1131.0639999999999,4,1,2,412,Need Attention,1,-0.6102599125502619,-0.8781152016203538
JS-15880,535,5,3868.02,1,2,4,124,At Risk,1,-0.9450379238677223,2.013776626801229
JS-15940,464,5,469.169,1,2,1,121,At Risk,1,-1.9497473741184226,0.6569521800285021
JS-16030,29,6,2516.494,4,3,3,433,Need Attention,0,0.38222243708016623,-0.4240895273174267
JW-15220,43,6,7721.714,4,3,5,435,Need Attention,0,0.9784039839416404,0.19001732215283793
JW-15955,6,7,1244.086,5,4,2,542,Loyal,0,0.29721438226787994,-0.8117639540880922
JW-16075,462,4,1428.731,1,1,2,112,At Risk,1,-1.5693311283821003,1.1320540601902978
KA-16525,37,7,1519.506,4,4,2,442,Need Attention,0,0.3292964212462123,-0.5733328177717129
KB-16240,5,7,3152.6150000000002,5,4,4,544,Loyal,0,0.8243334776205298,-0.3596385552946667
KB-16315,297,9,1569.464,1,5,2,152,At Risk,0,0.17561742390605573,0.7433818652211969
KB-16405,118,3,908.821,2,1,1,211,Need Attention,1,-1.181342945067972,-0.7085439083318688
KB-16585,231,12,2744.742,1,5,3,153,At Risk,0,1.420196753533057,0.9063009898952
KB-16600,2,7,983.922,5,4,2,542,Loyal,0,0.17533572130779104,-0.9450341777576797
KC-16255,408,6,2120.954,1,3,3,133,At Risk,1,-0.7009365336058,1.2064344532531421
KC-16540,98,4,3908.262,3,1,4,314,Need Attention,0,-0.05399133017408928,-0.020353587116686642
KC-16675,58,4,1146.05,3,1,2,312,Need Attention,1,-0.6418886525695908,-0.8037966182452598
KD-16270,485,5,8282.358,1,2,5,125,At Risk,1,-0.38522526559155174,2.1616393482284906
KD-16345,42,6,1888.964,4,3,3,433,Need Attention,0,0.18656325857964323,-0.5061583169584618
KD-16495,113,12,8181.256,2,5,5,255,Need Attention,0,2.3436681881110286,0.9090267911639688
KD-16615,290,5,2243.5099999999998,1,2,3,123,At Risk,1,-0.614524427517706,0.6378950618487301
KE-16420,27,8,1686.7312,5,4,2,542,Loyal,0,0.666700185508003,-0.5049765736333789
KF-16285,98,7,10604.266,3,4,5,345,Need Attention,0,1.2667136556469336,0.6570030034336527
KH-16330,41,8,3312.864,4,4,4,444,Need Attention,0,1.0110652962852236,-0.11010390429177196
KH-16360,2,6,3100.612,5,3,4,534,Loyal,0,0.5702793994775605,-0.4437038985820763
KH-16510,23,7,5952.859,5,4,5,545,Loyal,0,1.1361384431313897,0.03404820137530825
KH-16630,59,9,3918.9660000000003,3,5,4,354,Need Attention,0,1.3114839595383472,0.11618187562604924
KH-16690,3,7,5990.799,5,4,5,545,Loyal,0,1.1917915666772956,-0.05330612576547504
KL-16555,17,8,5016.488,5,4,5,545,Loyal,0,1.3076653458513192,-0.014848477892448636
KL-16645,48,12,14175.229000000001,4,5,5,455,Need Attention,0,2.8230789090728146,0.8850357798969025
KM-16225,15,6,2260.958,5,3,3,533,Loyal,0,0.3582612984535146,-0.5400149474775185
KM-16375,57,8,5620.186,3,4,5,345,Need Attention,0,1.2676518121944642,0.2219284028405104
KM-16660,16,5,453.538,5,2,1,521,Loyal,1,-0.8025059834115759,-1.386313544339226
KM-16720,29,8,4909.472,4,4,5,445,Need Attention,0,1.2642565852360874,0.028843305998999366
KN-16390,20,9,2617.272,5,5,3,553,Loyal,0,1.1852454334748177,-0.2585455632007846
KN-16450,53,5,2171.962,4,2,3,423,Need Attention,0,-0.01580234161154144,-0.4501585111680817
KN-16705,99,8,2280.58,3,4,3,343,Need Attention,0,0.6494101879182127,-0.031125845273501897
KS-16300,296,3,88.472,1,1,1,111,At Risk,1,-2.953757582210924,-1.0429494106597
KT-16465,392,7,3057.1,1,4,4,144,At Risk,0,-0.20054117946650354,1.3759510159790351
KT-16480,101,10,4642.088400000001,3,5,5,355,Need Attention,0,1.5501708758345405,0.4516911764341584
KW-16435,97,5,4416.5199999999995,3,2,5,325,Need Attention,0,0.27007761152411375,0.09750616169412192
KW-16570,772,4,449.096,1,1,1,111,At Risk,1,-3.0287001384751875,1.9665128020380949
LA-16780,155,11,8673.222,2,5,5,255,Need Attention,0,2.014799074591218,1.0653913938335604
LB-16735,49,3,50.188,4,1,1,411,Need Attention,1,-2.625886062988888,-2.4347117655109374
LB-16795,153,8,4985.676,2,4,5,245,Need Attention,0,0.9501261531913833,0.5973585008335232
LC-16870,28,8,2580.7039999999997,4,4,3,443,Need Attention,0,0.9040002093806822,-0.2915902151959774
LC-16885,17,12,7663.126,5,5,5,555,Champion,0,2.5566736025478582,0.442600209856967
LC-16930,42,8,4492.946,4,4,5,445,Need Attention,0,1.180385185635098,0.044098195608365066
LC-16960,437,4,3246.626,1,1,4,114,At Risk,1,-1.041196661565145,1.4220955886718605
LC-17050,55,5,2095.064,3,2,3,323,Need Attention,0,-0.04134417524079579,-0.4588148592748879
LC-17140,14,9,2633.582,5,5,3,553,Loyal,0,1.2043707106335366,-0.28263685093205826
LD-16855,553,1,5.304,1,1,1,111,At Risk,1,-5.624980163527684,-1.308455313478947
LD-17005,415,4,1961.934,1,1,3,113,At Risk,1,-1.2680846518680577,1.0751771810897754
LE-16810,22,6,1469.45,5,3,2,532,Loyal,0,0.09697468642791293,-0.7199616740827902
LF-17185,23,7,3930.5089999999996,5,4,4,544,Loyal,0,0.9019061767829475,-0.1698770056965476
LH-16750,152,3,287.426,2,1,1,211,Need Attention,1,-1.9182385244382962,-1.1192222261095368
LH-16900,22,9,2295.332,5,5,3,553,Loyal,0,1.1059894289181975,-0.3139660638294367
LH-17020,240,4,318.239,1,1,1,111,At Risk,1,-1.8375712630082217,-0.60893151556091
LH-17155,386,9,1739.689,1,5,3,153,At Risk,0,0.0019963068365541087,1.196564558655545
LL-16840,250,6,2741.2039999999997,1,3,3,133,At Risk,0,-0.14487483087462588,0.6176761633821285
LM-17065,392,5,1346.774,1,2,2,122,At Risk,1,-1.1679303755963313,0.8487071319091914
LO-17170,3,5,644.35,5,2,1,521,Loyal,1,-0.5708356506415896,-1.2728930446806968
LP-17080,41,4,756.606,4,1,1,411,Need Attention,1,-0.8317327103184373,-1.084512529263605
LP-17095,10,7,3653.399,5,4,4,544,Loyal,0,0.8944979688405599,-0.2646009332822207
LR-16915,27,6,5142.892,5,3,5,535,Loyal,0,0.7907140083097847,-0.08203289343574653
LR-17035,133,5,1879.306,2,2,3,223,Need Attention,0,-0.30571768564638213,-0.1593358096008045
LS-16945,179,6,2845.27,2,3,4,234,Need Attention,0,0.060988845721793285,0.31479009758670934
LS-16975,21,9,2988.674,5,5,4,554,Loyal,0,1.2575086449597512,-0.1888420827259986
LS-17200,97,6,1010.2560000000001,3,3,2,332,Need Attention,0,-0.30957525593714363,-0.5646339848048345
LS-17230,778,3,368.88000000000005,1,1,1,111,At Risk,1,-3.4075807553680915,1.8348850396521135
LS-17245,35,6,1008.1360000000001,4,3,2,432,Need Attention,0,-0.1493487954474403,-0.8461393677528465
LT-16765,27,3,329.876,5,1,1,511,Loyal,1,-1.5153192758673641,-1.6172272208977263
LT-17110,35,8,2936.252,4,4,4,444,Need Attention,0,0.9585970931518594,-0.19652526943364204
LW-16825,89,5,2238.061,3,2,3,323,Need Attention,0,-0.09261255480848911,-0.2725785381195153
LW-16990,34,6,3230.308,4,3,4,434,Need Attention,0,0.5100909262017651,-0.27881416520026586
LW-17125,206,3,1259.04,2,1,2,212,Need Attention,1,-1.2266472168907987,-0.15043747495925608
LW-17215,22,7,5420.514,5,4,5,545,Loyal,0,1.0858782754934697,-0.016499185267219302
MA-17560,65,11,4299.161,3,5,5,355,Need Attention,0,1.8530688649150389,0.3134577909810438
MA-17995,187,6,2453.284,2,3,3,233,Need Attention,0,-0.04346690054124365,0.2781723885310041
MB-17305,49,10,1548.702,4,5,2,452,Need Attention,0,1.0662296847607333,-0.3227304266041953
MB-18085,45,7,1428.231,4,4,2,442,Need Attention,0,0.27352953696332577,-0.5675614639703604
MC-17275,77,8,2725.982,3,4,3,343,Need Attention,0,0.8073317101584524,-0.04302482640369324
MC-17425,400,5,4432.138,1,2,5,125,At Risk,1,-0.5167611909363858,1.469944862282576
MC-17575,28,8,1303.893,4,4,2,442,Need Attention,0,0.5188987318085003,-0.626863829637983
MC-17590,52,6,2426.067,4,3,3,433,Need Attention,0,0.301698462818694,-0.33801705545722616
MC-17605,113,8,2258.192,2,4,3,243,Need Attention,0,0.6073971102415237,0.027361690982720017
MC-17635,190,4,795.154,2,1,1,211,Need Attention,1,-1.1916291875832679,-0.38608356899427376
MC-17845,2,7,3805.714,5,4,4,544,Loyal,0,0.9383720011154146,-0.28072633584987344
MC-18100,42,10,2218.98,4,5,3,453,Need Attention,0,1.287316389757288,-0.17778218459272774
MC-18130,370,5,1581.9979999999998,1,2,2,122,At Risk,1,-1.0198637999824351,0.8282283250240394
MD-17350,118,7,3766.382,2,4,4,244,Need Attention,0,0.630515622164611,0.23892849782266234
MD-17860,37,5,1204.91,4,2,2,422,Need Attention,0,-0.3064945340439766,-0.8118835982736066
ME-17320,43,10,10663.728000000001,4,5,5,455,Need Attention,0,2.1704959846453837,0.5979140866338357
ME-17725,29,8,1908.4532,4,4,3,443,Need Attention,0,0.7311574114910194,-0.4352787429849715
ME-18010,93,4,1256.944,3,2,2,322,Need Attention,1,-0.6809225805597011,-0.600118520287314
MF-17665,422,5,937.039,1,2,1,121,At Risk,1,-1.4505786545391202,0.8063402376320618
MF-18250,8,5,1758.3,5,2,3,523,Loyal,0,-0.017835079106865995,-0.7574929798890603
MG-17650,30,7,3785.276,4,4,4,444,Need Attention,0,0.8624384041261396,-0.1567057923360695
MG-17680,93,4,2350.188,3,2,3,323,Need Attention,0,-0.3279274507758519,-0.2927970480634818
MG-17695,556,3,1342.282,1,1,2,112,At Risk,1,-2.1017321898127737,1.4643185318548335
MG-17875,117,5,1242.8329999999999,2,2,2,222,Need Attention,1,-0.49729120616041417,-0.4347670824050182
MG-17890,100,9,776.384,3,5,1,351,Need Attention,0,0.2916109231252537,-0.4933274588277952
MG-18145,85,4,3061.543,3,2,4,324,Need Attention,0,-0.157917127086996,-0.19910679736152168
MG-18205,265,1,16.739,1,1,1,111,At Risk,1,-4.291290106236311,-2.102944335899982
MH-17290,120,6,2394.025,2,3,3,233,Need Attention,0,0.11716645021923056,-0.036930389563142936
MH-17440,377,4,400.016,1,2,1,121,At Risk,1,-2.065521086760606,0.12288773163599388
MH-17455,86,8,2456.1820000000002,3,4,3,343,Need Attention,0,0.7251024436177589,-0.05350158821266073
MH-17620,156,4,1252.8,2,2,2,222,Need Attention,1,-0.8467992085290874,-0.3167419081026599
MH-17785,99,7,2203.7780000000002,3,4,3,343,Need Attention,0,0.37760472968244185,-0.11027475381244407
MH-18025,50,5,2984.948,4,2,4,424,Need Attention,0,0.17138666860076568,-0.3075606672625378
MH-18115,6,9,5503.093,5,5,5,555,Champion,0,1.6410243120165955,0.04319599252960483
MJ-17740,23,7,6320.746,5,4,5,545,Loyal,0,1.1699771072955336,0.06350851742947132
MK-17905,29,8,2302.368,4,4,3,443,Need Attention,0,0.8370124099089802,-0.3431202081746491
MK-18160,241,4,1031.602,1,2,2,122,At Risk,1,-1.1776353897785987,-0.02759370261341698
ML-17395,70,9,2722.843,3,5,3,353,Need Attention,0,1.0773853539187996,-0.012933360617948525
ML-17410,55,6,2921.5,3,3,4,334,Need Attention,0,0.3987275752365447,-0.2331714518203667
ML-17755,30,7,2071.9139999999998,4,4,3,443,Need Attention,0,0.5224324892381569,-0.4527187101124968
ML-18040,80,3,742.082,3,1,1,311,Need Attention,1,-1.1966702340715039,-0.9799204672834039
ML-18265,101,2,162.232,3,1,1,311,Need Attention,1,-2.3592346858021136,-1.6919771468463285
MM-17260,169,4,1314.023,2,2,2,222,Need Attention,1,-0.8537358713283059,-0.2345067839683842
MM-17920,8,11,3794.0800000000004,5,5,4,554,Loyal,0,1.9309435592934094,-0.0057923139201292405
MM-18055,62,8,2749.881,3,4,3,343,Need Attention,0,0.851307469403681,-0.10659395799909008
MM-18280,86,9,775.414,3,5,1,351,Need Attention,0,0.32735387019442613,-0.5572738402825831
MN-17935,35,6,2477.946,4,3,3,433,Need Attention,0,0.3578931659065155,-0.4045288944512562
MO-17500,73,4,922.487,3,2,1,321,Need Attention,1,-0.8032955525364178,-0.8424643392477563
MO-17800,105,8,1687.0269999999998,2,4,2,242,Need Attention,0,0.46373377239332303,-0.15203582448488834
MO-17950,181,2,154.288,2,1,1,211,Need Attention,1,-2.5956649672468024,-1.3545897570147847
MP-17470,720,7,3206.132,1,4,4,144,At Risk,1,-1.0276012306011963,2.8831308433279927
MP-17965,73,9,3983.6420000000003,3,5,4,354,Need Attention,0,1.2842723414904553,0.18755572667921738
MP-18175,17,9,5087.92,5,5,5,555,Champion,0,1.5681236014521798,0.05442143027184804
MR-17545,126,4,639.178,2,2,1,221,Need Attention,1,-1.1480753300853408,-0.7827460685159141
MS-17365,274,10,7443.6900000000005,1,5,5,155,At Risk,0,1.3662443424031838,1.4662893840363285
MS-17530,435,4,475.65599999999995,1,2,1,121,At Risk,1,-2.118994808535666,0.4701719213859119
MS-17710,414,6,1613.402,1,3,2,132,At Risk,1,-0.8708466077220112,1.0992508256100215
MS-17770,122,9,3144.678,2,5,4,254,Need Attention,0,1.0232729894659436,0.29305285374811874
MS-17830,453,4,370.348,1,2,1,121,At Risk,1,-2.3067598099226165,0.42892752815629165
MS-17980,27,6,855.116,5,3,1,531,Loyal,0,-0.22133257657559946,-0.9631318667176955
MT-17815,50,6,2890.139,4,3,4,434,Need Attention,0,0.4056554192691687,-0.2610916323499052
MT-18070,204,4,1319.4498,2,2,2,222,Need Attention,1,-0.9425305979504448,-0.0741509887968618
MV-17485,28,9,1560.05,4,5,2,452,Need Attention,0,0.8725390651324213,-0.4764685718739293
MV-18190,20,7,1734.574,5,4,2,542,Loyal,0,0.4482206296894931,-0.5852316541741287
MW-18220,18,7,5341.900000000001,5,4,5,545,Loyal,0,1.0880480555700416,-0.04177146134528715
MW-18235,45,2,5253.876,4,1,5,415,Need Attention,0,-0.25401894732384966,-0.2394113421314938
MY-17380,30,7,2254.285,4,4,3,443,Need Attention,0,0.5700226725711464,-0.41128616906227866
MY-18295,72,11,4152.696,3,5,4,354,Need Attention,0,1.8152866224558932,0.32809644561228535
MZ-17335,31,4,593.606,4,2,1,421,Need Attention,1,-0.9424310570815695,-1.248791013472753
MZ-17515,283,6,2564.906,1,3,3,133,At Risk,0,-0.2682911909597124,0.7343093254201567
NB-18580,1166,2,273.87199999999996,1,1,1,111,At Risk,1,-4.8377335319188735,3.3819132519135375
NB-18655,20,9,1972.599,5,5,3,553,Loyal,0,1.0257164941208017,-0.39743322585665
NC-18340,225,5,2461.404,2,2,3,223,Need Attention,1,-0.3930118217002994,0.3893750932602015
NC-18415,42,6,2218.9900000000002,4,3,3,433,Need Attention,0,0.27739943721729343,-0.427075333101989
NC-18535,7,7,8241.739,5,4,5,545,Loyal,0,1.361386018955656,0.12150599465842653
NC-18625,205,5,1821.742,2,2,3,223,Need Attention,1,-0.510711026734338,0.15109830759926807
ND-18370,28,9,4326.139,4,5,5,455,Need Attention,0,1.4479647575811614,0.02450341339694518
ND-18460,184,6,2893.455,2,3,4,234,Need Attention,0,0.057446569629012866,0.34565779108681954
NF-18385,80,7,8322.826,3,4,5,345,Need Attention,0,1.176862723887187,0.45655188845703
NF-18475,526,4,377.16200000000003,1,2,1,121,At Risk,1,-2.4865457406132516,0.7680978238862991
NF-18595,115,7,2031.472,2,4,3,243,Need Attention,0,0.29002336846267424,-0.07787881491052352
NG-18355,49,5,1869.58,4,2,3,423,Need Attention,0,-0.0899588878216958,-0.541881332833667
NG-18430,49,5,1395.9379999999999,4,2,2,422,Need Attention,0,-0.2547423631848908,-0.6853436527749823
NH-18610,190,7,2673.29,2,4,3,243,Need Attention,0,0.24965526051160816,0.3962508377901016
NK-18490,71,7,572.048,3,4,1,341,Need Attention,0,-0.3099702601299481,-0.8990143349376304
NL-18310,59,4,1418.0900000000001,3,2,2,322,Need Attention,1,-0.5243765885446644,-0.6946989852575344
NM-18445,161,7,6459.344,2,4,5,245,Need Attention,0,0.8229477550240449,0.6984461350080264
NM-18520,245,10,2161.979,1,5,3,153,At Risk,0,0.7441450218546132,0.7277633185719393
NP-18325,26,6,5529.62,5,3,5,535,Loyal,0,0.8342302200740366,-0.050937524850055024
NP-18670,59,5,3908.402,3,2,4,324,Need Attention,0,0.3000414167977359,-0.1344394686199375
NP-18685,407,6,1228.698,1,3,2,132,At Risk,1,-1.0062483095996608,0.9338363096469128
NP-18700,139,7,7903.1825,2,4,5,245,Need Attention,0,0.9940660071346326,0.6980363731619055
NR-18550,211,5,2367.277,2,2,3,223,Need Attention,1,-0.37856165453772056,0.3068909816315178
NS-18505,7,4,2575.863,5,2,3,523,Loyal,0,-0.05230714944138093,-0.6368071382277176
NS-18640,175,13,2964.823,2,5,4,254,Need Attention,0,1.8619836306338415,0.753179256352079
NW-18400,173,7,7234.014,2,4,5,245,Need Attention,0,0.8556242884498159,0.8083786191425121
NZ-18565,86,9,2488.31,3,5,3,353,Need Attention,0,0.984914007306536,0.015205302805709461
ON-18715,411,9,1567.52,1,5,2,152,At Risk,0,-0.12186942247381524,1.2584838735450243
OT-18730,66,5,3818.624,3,2,4,324,Need Attention,0,0.26870538370306873,-0.11418867267284379
PA-19060,104,6,729.408,3,3,1,331,Need Attention,1,-0.511421570912011,-0.6928313300227787
PB-18805,26,3,740.356,5,1,1,511,Loyal,1,-1.057399022570616,-1.225347100926777
PB-19105,58,4,688.324,3,2,1,321,Need Attention,1,-0.9292986142079906,-1.054018916203291
PB-19150,98,8,1456.95,3,4,2,342,Need Attention,0,0.39925761406695454,-0.25570177616666484
PB-19210,689,2,132.738,1,1,1,111,At Risk,1,-4.002512598844153,0.8700795567308434
PC-18745,3,4,1832.064,5,2,3,523,Loyal,0,-0.23411669892988818,-0.8222538576623144
PC-19000,883,2,1061.488,1,1,2,112,At Risk,1,-3.3378759702381258,2.7660431387685827
PF-19120,836,4,9062.864,1,2,5,125,At Risk,1,-1.5006771524560316,3.731407519262845
PF-19165,197,6,2770.0,2,3,4,234,Need Attention,0,-0.00099873508850023,0.38304892069835617
PF-19225,115,5,2206.1279999999997,2,2,3,223,Need Attention,0,-0.1684081954600815,-0.16201854361932735
PG-18820,37,13,3086.907,4,5,4,454,Need Attention,0,2.244020067980252,0.1487191950221832
PG-18895,58,9,1987.164,3,5,3,353,Need Attention,0,0.9309371145285089,-0.2219167528934137
PH-18790,71,1,729.648,3,1,1,311,Need Attention,1,-1.6877232678305303,-1.153573758160154
PJ-18835,40,8,1220.09,4,4,2,442,Need Attention,0,0.45019511911945453,-0.605194024304054
PJ-19015,135,7,1824.2340000000002,2,4,3,243,Need Attention,0,0.177257925563027,-0.04024710597316157
PK-18910,484,2,1441.152,1,1,2,112,At Risk,1,-2.1266836389714614,1.11117986760763
PK-19075,10,12,8646.934,5,5,5,555,Champion,0,2.6430591362938056,0.47027611928877655
PL-18925,16,5,239.481,5,2,1,521,Loyal,1,-1.1618213800145754,-1.6991375109031306
PM-18940,387,3,1405.402,1,1,2,112,At Risk,1,-1.635841076989586,0.7223631227361665
PM-19135,52,4,4115.662,4,2,4,424,Need Attention,0,0.09494089102788844,-0.20304661732094936
PN-18775,31,8,1467.152,4,4,2,442,Need Attention,0,0.5776211038058384,-0.555368498763631
PO-18850,5,11,7473.8282,5,5,5,555,Champion,0,2.3213194486003896,0.31370227883908064
PO-18865,1,7,2493.214,5,4,3,543,Loyal,0,0.7023541674635122,-0.4929964052705924
PO-19180,161,9,4893.043,2,5,5,255,Need Attention,0,1.1711959918742165,0.6866590380090613
PO-19195,87,5,1056.858,3,2,2,322,Need Attention,1,-0.5105935243846497,-0.6500580580327374
PP-18955,98,10,7252.608,3,5,5,355,Need Attention,0,1.8097676579718684,0.6573280290707034
PR-18880,37,5,1840.178,4,2,3,423,Need Attention,0,-0.06765972392867882,-0.6039513655884773
PS-18760,108,6,2181.479,2,3,3,233,Need Attention,0,0.09595694052384955,-0.13687955574928476
PS-18970,70,8,1278.639,3,4,2,342,Need Attention,0,0.39852591203188487,-0.446467978690181
PS-19045,237,7,6843.634,1,4,5,145,At Risk,0,0.6577012283741399,1.070645580030907
PT-19090,72,4,160.572,3,2,1,321,Need Attention,1,-1.7845453135477245,-1.703541584009779
PV-18985,90,5,2876.046,3,2,4,324,Need Attention,0,0.04628159389242039,-0.14486542523590165
PW-19030,47,10,3454.916,4,5,4,454,Need Attention,0,1.5240937120446916,0.06231041471178387
PW-19240,465,7,3922.4150000000004,1,4,4,144,At Risk,0,-0.249960461222979,1.8286199611206257
QJ-19255,26,9,6108.338,5,5,5,555,Champion,0,1.6478373821349392,0.18493408018535976
RA-19285,6,9,2617.906,5,5,3,553,Loyal,0,1.2218297035792096,-0.32175947949675354
RA-19885,44,7,3832.314,4,4,4,444,Need Attention,0,0.8329592028681498,-0.08730612435716667
RA-19915,13,9,4793.543,5,5,5,555,Champion,0,1.5449065923543517,0.007047134177554894
RA-19945,62,5,1686.9225,3,2,2,322,Need Attention,0,-0.18179452183574082,-0.5335601939716691
RB-19330,69,2,1008.1959999999999,3,1,2,312,Need Attention,1,-1.247750387801334,-0.9415970837437336
RB-19360,97,6,15117.339,3,3,5,335,Need Attention,0,1.2169471420769902,0.7643733333063938
RB-19435,20,8,2663.0860000000002,5,4,3,543,Loyal,0,0.942555789308576,-0.3123459213211356
RB-19465,10,12,4715.466,5,5,5,555,Champion,0,2.300889872226985,0.17237976574092156
RB-19570,26,5,528.546,5,2,1,521,Loyal,1,-0.7423354511143934,-1.2660251354023258
RB-19645,649,5,221.084,1,2,1,121,At Risk,1,-2.8546920151104054,1.1253079641482036
RB-19705,55,4,2067.45,3,2,3,323,Need Attention,0,-0.30130889658992666,-0.5276550910498038
RB-19795,33,8,5633.316000000001,4,4,5,445,Need Attention,0,1.33145022521299,0.11450414432824321
RC-19825,370,6,966.409,1,3,2,132,At Risk,1,-1.0453217548274334,0.6485764115737289
RC-19960,111,6,885.752,2,3,1,231,Need Attention,1,-0.4201745514892779,-0.5658583699698887
RD-19480,73,8,4272.93,3,4,4,344,Need Attention,0,1.0713486881602938,0.15966997007630598
RD-19585,181,10,2912.8940000000002,2,5,4,254,Need Attention,0,1.0789540299010032,0.5846707810895398
RD-19660,115,5,2786.632,2,2,4,224,Need Attention,0,-0.03662222571165258,-0.047284217776552936
RD-19720,22,10,1419.737,5,5,2,552,Loyal,0,1.0874831682935666,-0.4875657552460852
RD-19810,15,8,1137.616,5,4,2,542,Loyal,0,0.47581192390560445,-0.7526499417740852
RD-19900,115,9,3133.924,2,5,4,254,Need Attention,0,1.0395640277543068,0.2597037185794484
RD-19930,43,4,970.9420000000001,4,2,2,422,Need Attention,1,-0.6963307813776151,-0.953049453942202
RE-19405,1098,1,48.36,1,1,1,111,At Risk,1,-5.882338070654913,2.1682146177572417
RE-19450,303,5,876.696,1,2,1,121,At Risk,1,-1.178301053378797,0.23533914270139744
RF-19345,391,8,3309.15,1,4,4,144,At Risk,0,0.09924184970621884,1.4726671801851496
RF-19735,90,7,2341.2960000000003,3,4,3,343,Need Attention,0,0.43518384071424393,-0.12125869058642211
RF-19840,7,8,945.222,5,4,1,541,Loyal,0,0.39217476083421887,-0.8797880042127754
RH-19495,33,5,3621.3759999999997,4,2,4,424,Need Attention,0,0.3246924897820749,-0.2895264905648847
RH-19510,468,6,6979.18,1,3,5,135,At Risk,0,-0.18509682212683345,2.0629498830072066
RH-19555,520,2,740.382,1,1,1,111,At Risk,1,-2.595939480072639,0.9470923275401211
RH-19600,535,3,2085.7400000000002,1,1,3,113,At Risk,1,-1.7984528889426472,1.585759971460632
RK-19300,120,3,1460.192,2,1,2,212,Need Attention,1,-0.9191629585643823,-0.4667064510190628
RL-19615,122,8,6234.91,2,4,5,245,Need Attention,0,1.1570044555355423,0.5669688860625142
RM-19375,346,6,1453.474,1,3,2,132,At Risk,1,-0.7526929387463663,0.7403744380879298
RM-19675,7,5,5979.0960000000005,5,2,5,525,Loyal,0,0.6753147797449452,-0.16081935827949181
RM-19750,300,1,98.35,1,1,1,111,At Risk,1,-3.4100258726199906,-1.098044458811657
RO-19780,36,7,3815.478,4,4,4,444,Need Attention,0,0.8513021294292364,-0.1256591905196742
RP-19270,497,4,954.6452,1,2,1,121,At Risk,1,-1.8878186522643334,1.0924367603890746
RP-19390,34,12,5153.084,4,5,5,455,Need Attention,0,2.2884866096538232,0.324549211841772
RP-19855,29,8,2170.716,4,4,3,443,Need Attention,0,0.8037951954100075,-0.3720394832628069
RR-19315,20,2,615.932,5,1,1,511,Loyal,1,-1.3979499712920755,-1.4050885613771908
RR-19525,171,6,3302.2619999999997,2,3,4,234,Need Attention,0,0.1658547949437732,0.35176493388473695
RS-19420,77,5,3221.29,3,2,4,324,Need Attention,0,0.14408746338556044,-0.14798881092186575
RS-19765,37,8,4159.7699999999995,4,4,4,444,Need Attention,0,1.1499264348124312,-0.016371168756654328
RS-19870,20,2,22.328,5,1,1,511,Loyal,1,-3.2463959570275867,-3.0143661228277323
RW-19540,121,7,7397.401,2,4,5,245,Need Attention,0,1.0036049690724818,0.5841152011735016
RW-19630,90,9,3279.746,3,5,4,354,Need Attention,0,1.1303097045841044,0.16894971893187466
RW-19690,80,5,3495.646,3,2,4,324,Need Attention,0,0.18239490257843244,-0.09426694680514547
SA-20830,64,10,4767.3415,3,5,5,355,Need Attention,0,1.6615201993712754,0.29739100797820933
SB-20170,202,3,1348.02,2,1,2,212,Need Attention,1,-1.1777222909772147,-0.13500420288579812
SB-20185,189,6,6410.996,2,3,5,235,Need Attention,0,0.49333294183470267,0.7590969359695808
SB-20290,48,7,8057.891,4,4,5,445,Need Attention,0,1.2419156899285952,0.2958972363899837
SC-20020,782,5,3362.9636,1,2,4,124,At Risk,1,-1.6670261504756643,3.062416608219122
SC-20050,41,9,4624.572,4,5,5,455,Need Attention,0,1.4517618551019333,0.11608346822773553
SC-20095,350,9,14142.333999999999,1,5,5,155,At Risk,0,1.278100854452111,2.0631035248935206
SC-20230,150,4,4371.9580000000005,2,2,5,225,Need Attention,0,-0.12610480453706452,0.2699606614558911
SC-20260,188,8,3729.7929999999997,2,4,4,244,Need Attention,0,0.6952491817086566,0.6131212529450782
SC-20305,30,7,3979.065,4,4,4,444,Need Attention,0,0.8906101932778077,-0.13217912047356686
SC-20380,31,9,5992.536,4,5,5,455,Need Attention,0,1.6240196617536558,0.19814974717578265
SC-20440,37,7,1874.998,4,4,3,443,Need Attention,0,0.4478740391885693,-0.47009782939905576
SC-20575,93,5,902.7280000000001,3,2,1,321,Need Attention,1,-0.6150905669023249,-0.700292375395584
SC-20680,127,6,1254.64,2,3,2,232,Need Attention,0,-0.2655131540933799,-0.3225632006482316
SC-20695,90,10,2576.408,3,5,3,353,Need Attention,0,1.2466091173464564,0.11271334081300675
SC-20725,188,11,5226.21,2,5,5,255,Need Attention,0,1.6430342115223742,0.9658095967352169
SC-20770,42,7,4492.657,4,4,5,445,Need Attention,0,0.9278690153497317,-0.018257245058378255
SC-20800,31,4,279.25600000000003,4,2,1,421,Need Attention,1,-1.3669649395478876,-1.6183949166437073
SC-20845,132,2,280.632,2,1,1,211,Need Attention,1,-2.132103971494588,-1.2837344720699693
SD-20485,201,9,6121.114,2,5,5,255,Need Attention,0,1.1934211471163574,0.9776216110869339
SE-20110,10,11,12209.438000000002,5,5,5,555,Champion,0,2.5852783128969055,0.5774594298689076
SF-20065,60,7,763.5459999999999,3,4,1,341,Need Attention,0,-0.11861117065354713,-0.8071085951285804
SF-20200,60,9,3422.7859999999996,3,5,4,354,Need Attention,0,1.2324978550772137,0.05420602534673832
SF-20965,49,9,3336.535,4,5,4,454,Need Attention,0,1.2467350981135301,-0.008092477390848656
SG-20080,9,3,3406.5809999999997,5,1,4,514,Loyal,0,-0.15228555716231124,-0.5527808569044302
SG-20470,184,8,1884.798,2,4,3,243,Need Attention,0,0.3205945322138966,0.2597814521488095
SG-20605,109,6,3124.832,2,3,4,234,Need Attention,0,0.296105568434519,0.04416238561582846
SG-20890,227,3,47.946,1,1,1,111,At Risk,1,-3.1145692826560314,-1.6514864682290706
SH-19975,30,13,3406.8395,4,5,4,454,Need Attention,0,2.3178845603471046,0.16549414705904134
SH-20395,24,10,2180.718,5,5,3,553,Loyal,0,1.324365337261555,-0.26775285825469636
SH-20635,766,2,2096.392,1,1,3,113,At Risk,1,-2.6494448466239464,2.5709305680329226
SJ-20125,96,12,3949.656,3,5,4,354,Need Attention,0,1.9769992319337915,0.47436516382903215
SJ-20215,30,6,1341.036,4,3,2,432,Need Attention,0,0.024572896911075837,-0.728672853142251
SJ-20500,254,5,1318.776,1,2,2,122,At Risk,1,-0.8205088752297789,0.21411092280836416
SK-19990,9,3,883.409,5,1,1,511,Loyal,1,-0.9135604401023931,-1.2155552071778482
SL-20155,71,7,3053.012,3,4,4,344,Need Attention,0,0.6343957528414447,-0.07683881766566977
SM-20005,422,4,244.49399999999997,1,2,1,121,At Risk,1,-2.4596380621972505,0.08532986976348805
SM-20320,80,5,25043.05,3,2,5,325,Need Attention,0,1.2935899058003457,0.8731517383394138
SM-20905,607,1,1043.041,1,1,2,112,At Risk,1,-2.8817021084813743,1.446550658824028
SM-20950,26,12,5563.392,5,5,5,555,Champion,0,2.352545373728256,0.325996860485585
SN-20560,112,6,1860.418,2,3,3,233,Need Attention,0,-0.00426447169355183,-0.19697211731620373
SN-20710,80,7,3127.9592,3,4,4,344,Need Attention,0,0.6246484455112064,-0.02421198247072179
SO-20335,30,6,2602.5755,4,3,3,433,Need Attention,0,0.39859490433549144,-0.40304514820431264
SP-20545,328,6,1306.086,1,3,2,132,At Risk,1,-0.7661337662688515,0.606446806711069
SP-20620,48,9,5440.319,4,5,5,455,Need Attention,0,1.5252075747217912,0.2275584193809919
SP-20650,387,9,1872.4360000000001,1,5,3,153,At Risk,0,0.04087193286751619,1.2372004372005354
SP-20860,80,10,4282.94,3,5,5,355,Need Attention,0,1.5594049476014435,0.31713358068858827
SP-20920,71,6,3990.689,3,3,4,334,Need Attention,0,0.5330367936389205,-0.007595115093035016
SR-20425,9,5,3233.481,5,2,4,524,Loyal,0,0.32325002857273777,-0.4537501772425036
SR-20740,197,8,4345.8859999999995,2,4,5,245,Need Attention,0,0.7580797794441035,0.7289352166688698
SS-20140,16,8,1324.028,5,4,2,542,Loyal,0,0.5587818443922438,-0.6736250817802919
SS-20410,111,6,3056.8070000000002,2,3,4,234,Need Attention,0,0.2784807111854748,0.04239864488923551
SS-20515,492,3,613.4,1,1,1,111,At Risk,1,-2.3765967770348824,0.7904374053382386
SS-20590,433,6,418.49,1,3,1,131,At Risk,1,-1.6809324923332496,0.5229973019474824
SS-20875,121,5,964.636,2,2,2,222,Need Attention,1,-0.6505899660859137,-0.5410693711411966
ST-20530,126,7,433.34000000000003,2,4,1,241,Need Attention,1,-0.6095742607005696,-0.7863848767565836
SU-20665,21,7,2595.364,5,4,3,543,Loyal,0,0.6729399422142058,-0.3827982024678984
SV-20365,102,10,11470.949999999999,3,5,5,355,Need Attention,0,2.0580751412797986,0.9006685866830164
SV-20785,321,9,4105.305,1,5,4,154,At Risk,0,0.6556035059612622,1.3242309318912533
SV-20815,77,4,1271.0900000000001,3,2,2,322,Need Attention,1,-0.6329567885044729,-0.6670042127620001
SV-20935,3,8,1903.491,5,4,3,543,Loyal,0,0.7973772244788222,-0.554175559177854
SW-20245,82,7,1085.078,3,4,2,342,Need Attention,0,0.022241967402167252,-0.5350930834344905
SW-20275,31,6,1966.65,4,3,3,433,Need Attention,0,0.237935642262338,-0.5361265546817063
SW-20350,163,3,1019.044,2,1,2,212,Need Attention,1,-1.233955891021158,-0.4487845772575689
SW-20455,163,7,2921.544,2,4,4,244,Need Attention,0,0.3700485762541322,0.3177277458336366
SW-20755,535,2,758.6959999999999,1,1,1,111,At Risk,1,-2.621217993402478,1.026939488650449
SZ-20035,36,11,3625.329,4,5,4,454,Need Attention,0,1.8323770982008647,0.09852380726604076
TA-21385,70,4,14595.62,3,2,5,325,Need Attention,0,0.7624585934344366,0.5003275904435797
TB-21055,120,5,1467.881,2,2,2,222,Need Attention,1,-0.41124108176206237,-0.3394799074177163
TB-21175,59,4,3589.296,3,2,4,324,Need Attention,0,-0.0004963904309632355,-0.23860307863185073
TB-21190,50,4,816.1740000000001,4,2,1,421,Need Attention,1,-0.812445217928189,-1.0066076756402218
TB-21250,350,7,1602.376,1,4,2,142,At Risk,1,-0.4556169331132571,0.8686854759240195
TB-21280,584,6,2198.45,1,3,3,133,At Risk,1,-1.1388904527667134,2.0202445864568195
TB-21355,147,5,834.328,2,2,1,221,Need Attention,1,-0.8000942195280658,-0.4946809118467264
TB-21400,203,7,9133.99,2,4,5,245,Need Attention,0,0.9091272852155595,1.0586687510513346
TB-21520,108,9,4737.486,2,5,5,255,Need Attention,0,1.2909457745586104,0.4310271597477458
TB-21595,286,5,1387.559,1,2,2,122,At Risk,1,-0.8751440256902565,0.38383544058049374
TB-21625,31,9,2797.668,4,5,4,454,Need Attention,0,1.1942129743204106,-0.17604471843771138
TC-20980,400,5,19052.218,1,2,5,125,At Risk,0,0.30619621103222017,2.186420697247661
TC-21145,107,1,1038.26,2,1,2,212,Need Attention,1,-1.5825917949608805,-0.8175933367679761
TC-21295,28,8,4266.812,4,4,4,444,Need Attention,0,1.1876932688649529,-0.04460389344764177
TC-21475,154,9,1244.976,2,5,2,252,Need Attention,0,0.41727398652458664,-0.01724610919798467
TC-21535,5,7,742.5580000000001,5,4,1,541,Loyal,0,0.008865799271094228,-1.0695937538685292
TD-20995,38,9,1434.5480000000002,4,5,2,452,Need Attention,0,0.7992021364709921,-0.4724132381066217
TG-21310,338,5,3058.372,1,3,4,134,At Risk,1,-0.5646825345716077,1.007223694167783
TG-21640,115,4,2074.661,2,2,3,223,Need Attention,1,-0.4555488341661512,-0.25451843023503856
TH-21100,345,5,2422.824,1,3,3,133,At Risk,1,-0.7143327071386046,0.9244688890183492
TH-21115,59,4,2942.772,3,2,4,324,Need Attention,0,-0.11255260986401738,-0.3361604651858525
TH-21235,118,8,1022.201,2,4,2,242,Need Attention,0,0.14734062709753748,-0.3392169437086672
TH-21550,73,7,4234.0960000000005,3,4,4,344,Need Attention,0,0.8137171579664587,0.09286104037987533
TM-21010,104,8,2955.2259999999997,3,4,4,344,Need Attention,0,0.7825965135593393,0.11877928425497603
TM-21490,131,3,1094.6779999999999,2,1,2,212,Need Attention,1,-1.1102773726569244,-0.5583991737271955
TN-21040,91,7,3130.221,3,4,4,344,Need Attention,0,0.5964188580357669,0.025904630121447707
TP-21130,9,9,4454.0560000000005,5,5,5,555,Champion,0,1.5138718745606643,-0.04713334575077509
TP-21415,105,5,5329.0048,2,3,5,235,Need Attention,0,0.3552285506098391,0.2259621343080289
TP-21565,351,4,1936.6399999999999,1,2,3,123,At Risk,1,-1.1087868770854057,0.7792826187424423
TR-21325,194,5,675.9419999999999,2,3,1,231,Need Attention,1,-1.0411114345440886,-0.3853677701670016
TS-21085,358,2,4.833,1,1,1,111,At Risk,1,-4.908663737945929,-2.1664241249587977
TS-21160,505,6,2163.6240000000003,1,3,3,133,At Risk,1,-0.9422298101204363,1.6550236359867962
TS-21205,199,7,5371.09,2,4,5,245,Need Attention,0,0.6199074407931666,0.7797094384223484
TS-21340,227,5,974.7819999999999,1,3,2,132,At Risk,1,-0.9206513566983239,-0.056413078391419284
TS-21370,37,6,11891.751,4,3,5,435,Need Attention,0,1.2377085147062739,0.3750287545100499
TS-21430,173,5,2054.14,2,3,3,233,Need Attention,1,-0.3596738826518855,0.06530243389471818
TS-21505,12,6,2243.274,5,3,3,533,Loyal,0,0.3616417370947477,-0.5574428831264172
TS-21610,56,7,2820.424,3,4,4,344,Need Attention,0,0.6287387166539332,-0.18361881104353375
TS-21655,239,5,3368.094,1,3,4,134,At Risk,0,-0.2525189929502247,0.6067542943588323
TT-21070,32,7,4915.602,4,4,5,445,Need Attention,0,1.0046706287917422,-0.019296185856718082
TT-21220,184,8,1427.0439999999999,2,4,2,242,Need Attention,0,0.16366765952478698,0.12315917757003533
TT-21265,407,3,439.5,1,1,1,111,At Risk,1,-2.343101359663602,0.24242103539819643
TT-21460,13,7,5364.808,5,4,5,545,Loyal,0,1.103479758893572,-0.06228808772815526
TW-21025,65,7,5278.826,3,4,5,345,Need Attention,0,0.9589857699004536,0.16501088261643385
TZ-21580,36,4,1707.286,4,2,2,422,Need Attention,0,-0.3598177280596043,-0.7076097538154565
VB-21745,55,6,2005.596,3,3,3,333,Need Attention,0,0.18651600366305132,-0.41792519796647865
VD-21670,582,6,6442.254,1,3,5,135,At Risk,1,-0.5270591875910003,2.5393310114954555
VF-21715,14,5,847.944,5,3,1,531,Loyal,1,-0.4447162743424432,-1.0883985135816214
VG-21790,155,6,846.01,2,3,1,231,Need Attention,1,-0.5606032466501127,-0.38934273108006123
VG-21805,287,5,427.372,1,3,1,131,At Risk,1,-1.5414904112346233,-0.18950278010555507
VM-21685,55,7,2454.866,3,4,3,343,Need Attention,0,0.5530256641297107,-0.2563257613616055
VM-21835,118,5,380.69,2,3,1,231,Need Attention,1,-1.1666370234198402,-1.0107166415848057
VP-21730,31,3,993.9019999999999,4,1,2,412,Need Attention,1,-0.9043923278179314,-1.058186138381244
VP-21760,76,7,3360.526,3,4,4,344,Need Attention,0,0.6755259882000428,-0.007078740591938455
VS-21820,222,4,1055.981,2,2,2,222,Need Attention,1,-1.1150007053950621,-0.10207947784745385
VT-21700,1001,2,1736.596,1,1,2,112,At Risk,1,-3.367458528857604,3.5415468998518094
VW-21775,29,10,6134.0380000000005,4,5,5,455,Need Attention,0,1.8948762892345634,0.2628919378135111
WB-21850,21,11,6160.102,5,5,5,555,Champion,0,2.1705760550059154,0.29110865233274713
XP-21865,44,11,2374.658,4,5,3,453,Need Attention,0,1.5728419089645906,-0.07310778358279389
YC-21895,5,5,5454.35,5,3,5,535,Loyal,0,0.6286878196403338,-0.21499396184187913
YS-21880,10,8,6720.4439999999995,5,4,5,545,Loyal,0,1.4909027677670263,0.09714775878640944
ZC-21910,55,13,8025.707,3,5,5,355,Need Attention,0,2.7363126477497586,0.6995404690043351
ZD-21925,203,5,1493.944,2,3,2,232,Need Attention,1,-0.6173969466326152,0.04463570800893719
